{"sections":{"slideshow_9wd6bM":{"type":"slideshow","blocks":{"slide_bAxWhX":{"type":"slide","settings":{"image":"shopify:\/\/shop_images\/Artboard_1_23.jpg","heading":"","heading_size":"h1","subheading":"","button_label":"","link":"shopify:\/\/collections\/mens-plus-size-cargo","button_style_secondary":false,"box_align":"middle-center","show_text_box":false,"text_alignment":"center","image_overlay_opacity":0,"color_scheme":"","text_alignment_mobile":"center"}},"slide_CVLBhT":{"type":"slide","settings":{"image":"shopify:\/\/shop_images\/WhatsApp_Image_2024-07-07_at_11.10.35_PM.jpg","heading":"","heading_size":"h1","subheading":"","button_label":"","link":"shopify:\/\/collections\/mens-plus-size-joggers","button_style_secondary":false,"box_align":"middle-center","show_text_box":false,"text_alignment":"center","image_overlay_opacity":0,"color_scheme":"","text_alignment_mobile":"center"}}},"block_order":["slide_bAxWhX","slide_CVLBhT"],"custom_css":[".slideshow {display: none;}",".slideshow__controls {display: none;}","@media screen and (min-width: 750px) {.slideshow {display: flex; } .slideshow__controls {display: flex; }}"],"settings":{"layout":"full_bleed","slide_height":"adapt_image","slider_visual":"dots","auto_rotate":true,"change_slides_speed":5,"image_behavior":"none","show_text_below":false,"accessibility_info":"Slideshow about our brand"}},"slideshow_CefVNJ":{"type":"slideshow","blocks":{"slide_cTFLT6":{"type":"slide","settings":{"image":"shopify:\/\/shop_images\/Artboard_11_1.jpg","heading":"","heading_size":"h1","subheading":"","button_label":"","link":"shopify:\/\/collections\/mens-plus-size-cargo","button_style_secondary":false,"box_align":"middle-center","show_text_box":false,"text_alignment":"center","image_overlay_opacity":0,"color_scheme":"","text_alignment_mobile":"center"}},"slide_9MHACV":{"type":"slide","settings":{"image":"shopify:\/\/shop_images\/WhatsApp_Image_2024-07-07_at_11.12.12_PM.jpg","heading":"","heading_size":"h1","subheading":"","button_label":"","link":"shopify:\/\/collections\/mens-plus-size-joggers","button_style_secondary":false,"box_align":"middle-center","show_text_box":false,"text_alignment":"center","image_overlay_opacity":0,"color_scheme":"","text_alignment_mobile":"center"}}},"block_order":["slide_cTFLT6","slide_9MHACV"],"custom_css":[".slideshow {display: none;}",".slideshow__controls {display: none;}","@media screen and (max-width: 750px) {.slideshow {display: flex; } .slideshow__controls {display: flex; }}"],"settings":{"layout":"full_bleed","slide_height":"adapt_image","slider_visual":"dots","auto_rotate":true,"change_slides_speed":5,"image_behavior":"none","show_text_below":false,"accessibility_info":"Slideshow about our brand"}},"ss_circle_menu_pro_AEXr3k":{"type":"ss-circle-menu-pro","blocks":{"image_ADfAfh":{"type":"Image","disabled":true,"settings":{"bubble_img":"shopify:\/\/shop_images\/free-sale-discount-offer-tag-label-ribbon-sticker-coupon-12923.webp","bubble_text":"Deal","bubble_link":""}},"image_YqNmKy":{"type":"Image","settings":{"bubble_img":"shopify:\/\/shop_images\/WhatsApp_Image_2024-07-06_at_11.55.41_PM.jpg","bubble_text":"Newest","bubble_link":"shopify:\/\/collections\/new-arrivals"}},"image_UxY4DH":{"type":"Image","settings":{"bubble_img":"shopify:\/\/shop_images\/WhatsApp_Image_2024-07-06_at_11.55.41_PM_1.jpg","bubble_text":"Joggers","bubble_link":"shopify:\/\/collections\/mens-plus-size-joggers"}},"image_D3HmeX":{"type":"Image","settings":{"bubble_img":"shopify:\/\/shop_images\/WhatsApp_Image_2024-07-06_at_11.55.41_PM_2.jpg","bubble_text":"Cargos","bubble_link":"shopify:\/\/collections\/mens-plus-size-cargo"}},"image_Vj6Fna":{"type":"Image","settings":{"bubble_img":"shopify:\/\/shop_images\/WhatsApp_Image_2024-07-06_at_11.55.42_PM.jpg","bubble_text":"Shorts","bubble_link":"shopify:\/\/collections\/mens-plus-size-shorts"}}},"block_order":["image_ADfAfh","image_YqNmKy","image_UxY4DH","image_D3HmeX","image_Vj6Fna"],"settings":{"hide_mobile":false,"hide_desktop":true,"heading_section":"","heading_section_custom":false,"heading_section_font":"assistant_n4","heading_section_size":18,"heading_section_size_mobile":14,"heading_section_height":100,"heading_section_align":"left","heading_section_align_mobile":"left","heading_section_weight":"700","heading_section_inline":false,"heading_section_width":100,"sliders_mt":20,"sliders_gap":36,"sliders_nav_desktop":"none","sliders_nav":"scrollbar","button_size":0,"button_icon_size":0,"button_border_thickness":0,"scrollbar_mt":12,"icon_size":68,"icon_size_mobile":72,"hover_effect":true,"square_image":false,"text_size":12,"heading_custom":false,"heading_font":"assistant_n4","text_mt":4,"border_size":0,"heading_section_color":"#121212","text_color":"#121212","ring_color":"#121212","button_bg_color":"#f2f1f4","button_bg_hover_color":"#f5f5f5","button_icon_color":"#000000","button_icon_hover_color":"#000000","button_border_color":"#000000","button_border_hover_color":"#000000","scrollbar_bg":"#efefef","scrollbar_drag_bg":"#d7d7d7","background-color":"#f5f5f5","background_gradient":"","border_color":"#000000","margin_top":0,"margin_bottom":0,"padding_top":0,"padding_bottom":0,"padding_horizontal":13,"padding_horizontal_mobile":1.5,"full_width":true,"content_width":120,"border_thickness":0,"lazy":true}},"featured_collection_UFWmaz":{"type":"featured-collection","settings":{"title":"Plus Size Joggers","heading_size":"h2","description":"","show_description":false,"description_style":"body","collection":"mens-plus-size-joggers","products_to_show":10,"columns_desktop":5,"full_width":true,"show_view_all":true,"view_all_style":"solid","enable_desktop_slider":false,"color_scheme":"scheme-1","image_ratio":"adapt","image_shape":"default","show_secondary_image":true,"show_vendor":false,"show_rating":false,"quick_add":"none","columns_mobile":"2","swipe_on_mobile":false,"padding_top":44,"padding_bottom":36}},"ss_clothing_image_grid_W6A7jE":{"type":"ss-clothing-image-grid","blocks":{"link_zJYrF4":{"type":"link","settings":{"image":"shopify:\/\/shop_images\/WhatsApp_Image_2024-07-07_at_9.11.54_AM.jpg","text":"","url":"shopify:\/\/collections\/mens-plus-size","overlay_opacity":0}},"link_fNrt4V":{"type":"link","settings":{"image":"shopify:\/\/shop_images\/Artboard_2_460x_388cd89a-5259-488b-a860-3a4a6c3bb957.webp","text":"","url":"shopify:\/\/collections\/mens-plus-size-cargo","overlay_opacity":0}},"link_8fMCpq":{"type":"link","settings":{"image":"shopify:\/\/shop_images\/Artboard_1_460x_1bca34af-c45a-43f0-bd20-b5c302d29fa2.webp","text":"","url":"shopify:\/\/collections\/mens-plus-size-joggers","overlay_opacity":0}},"link_gRKF8L":{"type":"link","settings":{"image":"shopify:\/\/shop_images\/Artboard_2_460x_bb9b1a38-bfbb-4fbf-a4fb-0f305198e9e9.webp","text":"","url":"shopify:\/\/collections\/mens-plus-size-shorts","overlay_opacity":0}}},"block_order":["link_zJYrF4","link_fNrt4V","link_8fMCpq","link_gRKF8L"],"settings":{"font_size":16,"font_color":"#000000","background-color":"#ffffff","padding_top":0,"padding_bottom":12,"padding_vertical":0,"section-width":200}},"slideshow_U4XRYX":{"type":"slideshow","blocks":{"slide_Ykh9Hg":{"type":"slide","settings":{"image":"shopify:\/\/shop_images\/WhatsApp_Image_2024-07-07_at_11.10.34_PM.jpg","heading":"","heading_size":"h1","subheading":"","button_label":"","link":"shopify:\/\/collections\/mens-plus-size-cargo","button_style_secondary":false,"box_align":"middle-center","show_text_box":false,"text_alignment":"center","image_overlay_opacity":0,"color_scheme":"","text_alignment_mobile":"center"}}},"block_order":["slide_Ykh9Hg"],"custom_css":[".slideshow {display: none;}",".slideshow__controls {display: none;}","@media screen and (min-width: 750px) {.slideshow {display: flex; } .slideshow__controls {display: flex; }}"],"settings":{"layout":"full_bleed","slide_height":"adapt_image","slider_visual":"dots","auto_rotate":true,"change_slides_speed":5,"image_behavior":"none","show_text_below":false,"accessibility_info":"Slideshow about our brand"}},"slideshow_CArYNt":{"type":"slideshow","blocks":{"slide_aUtyeK":{"type":"slide","settings":{"image":"shopify:\/\/shop_images\/WhatsApp_Image_2024-07-07_at_11.12.12_PM_1.jpg","heading":"","heading_size":"h1","subheading":"","button_label":"","link":"shopify:\/\/collections\/mens-plus-size-cargo","button_style_secondary":false,"box_align":"middle-center","show_text_box":false,"text_alignment":"center","image_overlay_opacity":0,"color_scheme":"","text_alignment_mobile":"center"}}},"block_order":["slide_aUtyeK"],"custom_css":[".slideshow {display: none;}",".slideshow__controls {display: none;}","@media screen and (max-width: 750px) {.slideshow {display: flex; } .slideshow__controls {display: flex; }}"],"settings":{"layout":"full_bleed","slide_height":"adapt_image","slider_visual":"dots","auto_rotate":true,"change_slides_speed":5,"image_behavior":"none","show_text_below":false,"accessibility_info":"Slideshow about our brand"}},"featured_collection":{"type":"featured-collection","settings":{"title":"Most Trending","heading_size":"h2","description":"","show_description":false,"description_style":"body","collection":"all","products_to_show":10,"columns_desktop":5,"full_width":true,"show_view_all":true,"view_all_style":"solid","enable_desktop_slider":false,"color_scheme":"scheme-1","image_ratio":"adapt","image_shape":"default","show_secondary_image":true,"show_vendor":false,"show_rating":false,"quick_add":"none","columns_mobile":"2","swipe_on_mobile":false,"padding_top":44,"padding_bottom":36}},"17204165410bc51d4d":{"type":"apps","blocks":{"instafeed_app_block_ie8CXc":{"type":"shopify:\/\/apps\/instafeed\/blocks\/app-block\/c447db20-095d-4a10-9725-b5977662c9d5","settings":{"title":"","title_color":"","alignment":"center","html_area":""}}},"block_order":["instafeed_app_block_ie8CXc"],"settings":{"include_margins":false}}},"order":["slideshow_9wd6bM","slideshow_CefVNJ","ss_circle_menu_pro_AEXr3k","featured_collection_UFWmaz","ss_clothing_image_grid_W6A7jE","slideshow_U4XRYX","slideshow_CArYNt","featured_collection","17204165410bc51d4d"]}