{"sections":{"main":{"type":"main-product","blocks":{"vendor":{"type":"text","settings":{"text":"{{ product.vendor }}","text_style":"uppercase"}},"title":{"type":"title","settings":{}},"judge_me_reviews_preview_badge_kKVTf4":{"type":"shopify:\/\/apps\/judge-me-reviews\/blocks\/preview_badge\/61ccd3b1-a9f2-4160-9fe9-4fec8413e5d8","settings":{}},"price":{"type":"price","settings":{}},"custom_liquid_YVUY84":{"type":"custom_liquid","disabled":true,"settings":{"custom_liquid":"<!DOCTYPE html>\n<html lang=\"en\">\n<head>\n    <meta charset=\"UTF-8\">\n    <meta name=\"viewport\" content=\"width=device-width, initial-scale=1.0\">\n    <title>Document<\/title>\n<\/head>\n<div class=\"offers\">\n    <ul>\n   \n\n       \n        \n\n<div class=\"offer_list\">\n        <div class=\"offer_img\"><img src=\"https:\/\/cdn.shopify.com\/s\/files\/1\/0620\/1917\/4637\/files\/discount_2.webp?v=1719851240\" height=\"28px\" width=\"28px\"><\/div>\n        <a href=\"https:\/\/www.suxxus.com\/collections\/all\">\n          <div class=\"offerlist1\">Use Code \n<span class=\"code\"> \"SS10\" <\/span>\n            <\/div>\n        And Get Flat 10% Off on all Products\n  <\/a>\n        <\/div>\n\n\n\n\n    <\/ul>\n<\/div>\n\n\n        <style>\n          .offers{\n            margin-left: -38px;\n            margin-top: 8px;\n          }\n          .offer_list{\n            display: flex;\n            flex-direction: row;\n            flex-wrap: nowrap;\n            align-items: center;\n            margin-bottom: 10px;\n          }\n          .offer_list a{\n            font-size:15px;\n            margin-left: 8px;\n          }\n          .offerlist1{\n            display: flex;\n            flex-direction: row;\n            align-items: center;\n            flex-wrap: wrap;\n          }\n          .offer-only{\n          color: black;\n          font-weight: 600;\n          font-size: 14px;\n          margin-left: 10px;\n          margin-right: 10px;\n        }\n        .code{\n        font-weight: 600;\n       margin-right: 8px;\n      margin-left: 8px;\n        }\n          .offer_img{\n            width: 30px;\n          }\nstrong{\nmargin-left: 8px;\n}\n         @media (max-width:790px){\n           .offer_img{\n             width: 8%;\n           }\n        .offer_list a{\n        font-size:13px;\n        margin-left: 10px;\n        }\n        .offer-only{\n        margin-left: 5px;\n        margin-right: 5px;\n        font-size:13px;\n        }\n        .code{\n        font-size:12px;\n        }\n         }\n\na {\n  color: black;\n  text-decoration:none;\n}\n\n        <\/style>\n<\/body>\n<\/html>"}},"variant_picker":{"type":"variant_picker","settings":{"picker_type":"button","swatch_shape":"none"}},"bf_size_charts_block_Ejk7hr":{"type":"shopify:\/\/apps\/bf-size-charts\/blocks\/block\/47ee4f2e-eb5e-41af-9beb-e2786646bf2a","settings":{}},"quantity_selector":{"type":"quantity_selector","disabled":true,"settings":{}},"buy_buttons":{"type":"buy_buttons","settings":{"show_dynamic_checkout":false,"show_gift_card_recipient":true}},"description":{"type":"description","disabled":true,"settings":{}},"share":{"type":"share","settings":{"share_label":"Share"}}},"block_order":["vendor","title","judge_me_reviews_preview_badge_kKVTf4","price","custom_liquid_YVUY84","variant_picker","bf_size_charts_block_Ejk7hr","quantity_selector","buy_buttons","description","share"],"settings":{"enable_sticky_info":true,"color_scheme":"scheme-1","media_size":"medium","constrain_to_viewport":false,"media_fit":"cover","gallery_layout":"columns","media_position":"left","image_zoom":"lightbox","mobile_thumbnails":"hide","hide_variants":true,"enable_video_looping":false,"padding_top":4,"padding_bottom":12}},"ss_tabs_block_McmwXW":{"type":"ss-tabs-block","blocks":{"tab_7kyQAA":{"type":"tab","settings":{"svg_color":"#121212","icon":"heart","question":"Product description","answer":"","answer_html":"{{ product.description }}"}},"tab_MqLpce":{"type":"tab","settings":{"svg_color":"#121212","icon":"truck","question":"Shipping Policy","answer":"<ul><li>All orders are processed within 2-3 business days. Orders are not shipped on Sundays and Indian holidays.<\/li><li>If we are experiencing a high volume of orders, shipments may be delayed by a few days. Please allow additional days in transit for delivery. If there will be a significant delay in shipment of your order, we will contact you via email or telephone.<\/li><\/ul><p>For more details about Shipping Policy <a href=\"\/pages\/shipping-policy\" title=\"Shipping Policy\"><span style=\"text-decoration:underline\"><em><strong>click here<\/strong><\/em><\/span><\/a><\/p>","answer_html":""}},"tab_abWAbg":{"type":"tab","settings":{"svg_color":"#121212","icon":"return_arrow","question":"Return & Exchange Policy","answer":"<p>We have a 7-day return policy, which means you have up to 7 days after receiving your item to request a return.<\/p><p>To be eligible for a return, your item must be in the same condition that you received it, unworn or unused, with tags, and in its original packaging. You’ll also need the receipt or proof of purchase.<\/p><p>For more details please <a href=\"https:\/\/www.suxxus.com\/pages\/return-policy\" target=\"_blank\" title=\"Return  Policy\">click here<\/a><\/p><p>To Place Return \/ Exchange Request <a href=\"https:\/\/www.suxxus.com\/apps\/ecoreturns\" title=\"https:\/\/www.suxxus.com\/apps\/ecoreturns\">click here<\/a><\/p>","answer_html":""}},"tab_KYhrQy":{"type":"tab","settings":{"svg_color":"#121212","icon":"time","question":"Cancellation Policy","answer":"<p>We also reserve the right to refuse or cancel orders in scenarios like inaccuracies in the pricing of products on the website and stock unavailability. We may also require additional verification or information before accepting any order. If your order is canceled after your card has been charged, the said amount will be reversed to your account. Any promotional voucher used for the canceled orders may not be refunded.<\/p><p>The customer may cancel their order within 2 working days of placing it with us. Once an order is shipped, it is not under our control to cancel it.<\/p>","answer_html":""}}},"block_order":["tab_7kyQAA","tab_MqLpce","tab_abWAbg","tab_KYhrQy"],"settings":{"close_other":true,"open_default":false,"subtitle":"","subtitle_color":"#121212","subtitle_font_size":10,"title":"","title_font_size":10,"title_color":"#121212","arrow_size":14,"arrow_color":"#121212","icon_width":22,"text_color":"#121212","question_font_size":16,"answer_color":"#121212","answer_font_size":14,"border_color":"#f2f2f2","background-color":"#ffffff","padding_top":12,"padding_bottom":12,"padding_x_desktop":0,"padding_x":0,"margin_top":0,"margin_bottom":0,"button_padding_y":10}},"multicolumn_6tBzG9":{"type":"multicolumn","blocks":{"column_aGEArm":{"type":"column","settings":{"title":"","text":"","link_label":"","link":""}},"column_tKqkTQ":{"type":"column","settings":{"title":"","text":"","link_label":"","link":""}},"column_WnPNBY":{"type":"column","settings":{"title":"","text":"","link_label":"","link":""}}},"block_order":["column_aGEArm","column_tKqkTQ","column_WnPNBY"],"settings":{"title":"","heading_size":"h1","image_width":"full","image_ratio":"adapt","columns_desktop":3,"column_alignment":"left","background_style":"none","button_label":"","button_link":"","color_scheme":"","columns_mobile":"1","swipe_on_mobile":false,"padding_top":8,"padding_bottom":8}},"custom_liquid_qQ4xzn":{"type":"custom-liquid","settings":{"custom_liquid":"{% if product.metafields.custom.product_ebc_banner_1 == blank %}\n\n<style>\n#Banner-template--18020717232365__image_banner_aKqHQp {\n  display: none;\n}\n<\/style>\n{% endif %}\n\n\n{% if product.metafields.custom.product_ebc_banner_2 == blank %}\n\n<style>\n#Banner-template--18020717232365__image_banner_w7HQb7 {\n  display: none;\n}\n<\/style>\n{% endif %}","color_scheme":"","padding_top":0,"padding_bottom":0}},"1720116577bc9f21d1":{"type":"apps","blocks":{"judge_me_reviews_review_widget_fd34Qz":{"type":"shopify:\/\/apps\/judge-me-reviews\/blocks\/review_widget\/61ccd3b1-a9f2-4160-9fe9-4fec8413e5d8","settings":{}}},"block_order":["judge_me_reviews_review_widget_fd34Qz"],"settings":{"include_margins":true}},"related-products":{"type":"related-products","settings":{"heading":"You may also like","heading_size":"h2","products_to_show":10,"columns_desktop":5,"color_scheme":"scheme-1","image_ratio":"adapt","image_shape":"default","show_secondary_image":true,"show_vendor":false,"show_rating":true,"columns_mobile":"2","padding_top":16,"padding_bottom":16}}},"order":["main","ss_tabs_block_McmwXW","multicolumn_6tBzG9","custom_liquid_qQ4xzn","1720116577bc9f21d1","related-products"]}