{"name":"t:sections.footer.name","type":"footer","sections":{"ss_feature_1_pro_T9qDBW":{"type":"ss-feature-1-pro","blocks":{"slide_pEYjJ4":{"type":"slide","settings":{"icon":"worldwide","image":"shopify:\/\/shop_images\/white-india_1.svg","title":"<p>Proudly Made in India<\/p>","text":""}},"slide_fVYiBW":{"type":"slide","settings":{"icon":"truck","title":"<p>Free Shipping<\/p>","text":""}},"slide_NBpBcH":{"type":"slide","settings":{"icon":"return_arrow","title":"<p>Easy Return & Exchange<\/p>","text":""}},"slide_43pxnM":{"type":"slide","settings":{"icon":"payment","title":"<p>100% Secure Payments<\/p>","text":""}}},"block_order":["slide_pEYjJ4","slide_fVYiBW","slide_NBpBcH","slide_43pxnM"],"settings":{"stack_on_mobile":true,"center_on_desktop":true,"icon_size":30,"title_size":15,"text_size":13,"title_color":"#ffffff","text_color":"#ffffff","icon_color":"#ffffff","pagination_color":"#ffffff","background-color":"#121212","padding_top":32,"padding_bottom":12}},"footer":{"type":"footer","blocks":{"link_list_X9kziz":{"type":"link_list","settings":{"heading":"Suxxus International","menu":"footer"}},"link_list_Ygni8E":{"type":"link_list","settings":{"heading":"Policies","menu":"main-menu-2"}},"link_list_3DDwbL":{"type":"link_list","settings":{"heading":"How Can I Help?","menu":"how-can-we-help"}},"text_VCAdFE":{"type":"text","settings":{"heading":"Contact Us","subtext":"<p>Vijay Chandra Kalyana Mantap, 1st Floor, 78, 79, 4th Main Road Srigandha Kaval Sunkadakatte, Nagarbhavi Stage 2, Bengaluru, Bengaluru Urban, Karnataka, 560091<\/p><p>PHONE 📱: <a href=\"tel:7996799611\" title=\"tel:7996799611\">+91 7996799611<\/a><\/p><p>MAIL ID 📩 :<a href=\"mailto:hello@suxxus.com\" title=\"mailto:hello@suxxus.com\">hello@suxxus.com<\/a><\/p>"}}},"block_order":["link_list_X9kziz","link_list_Ygni8E","link_list_3DDwbL","text_VCAdFE"],"settings":{"color_scheme":"scheme-4","newsletter_enable":true,"newsletter_heading":"Subscribe to our emails","enable_follow_on_shop":true,"show_social":true,"enable_country_selector":true,"enable_language_selector":true,"payment_enable":true,"show_policy":true,"margin_top":0,"padding_top":36,"padding_bottom":36}}},"order":["ss_feature_1_pro_T9qDBW","footer"]}