{"name":"t:sections.header.name","type":"header","sections":{"announcement-bar":{"type":"announcement-bar","blocks":{"announcement_MTXQMT":{"type":"announcement","settings":{"text":"🔥 Get 15% OFF Sitewide – No Code Needed!","link":""}}},"block_order":["announcement_MTXQMT"],"settings":{"color_scheme":"scheme-4","show_line_separator":true,"show_social":true,"auto_rotate":true,"change_slides_speed":3,"enable_country_selector":false,"enable_language_selector":false}},"header":{"type":"header","settings":{"enable_transparent-header":false,"color-transparent":"","color-hover-background":"","color-hover-text":"","logo_position":"middle-center","menu":"new-main","menu_type_desktop":"drawer","sticky_header_type":"reduce-logo-size","show_line_separator":true,"color_scheme":"scheme-1","menu_color_scheme":"scheme-1","enable_country_selector":false,"enable_language_selector":false,"mobile_logo_position":"center","margin_bottom":0,"padding_top":0,"padding_bottom":0}}},"order":["announcement-bar","header"]}